time(ms), aX , aY, aZ, , gX, gY, GZ, mX, mY, mZ, q0, q1, q2, q3
95, -0.037109,0.011719,1.005371, -0.610352,0.427246,0.732422, -11.852963,23.405851,-37.359341, 0.999974,0.006915,0.002094,0.000633
195, -0.031250,0.011230,1.003906, -0.671387,0.366211,0.671387, -10.502625,22.955740,-36.909229, 0.999975,0.006155,0.003338,0.001276
295, -0.029297,0.012695,1.020996, -0.610352,0.183105,0.793457, -11.252813,24.306076,-37.209301, 0.999973,0.005461,0.004549,0.001944
395, -0.028809,0.000000,1.001465, -0.610352,0.244141,0.793457, -11.402851,23.105776,-37.359341, 0.999969,0.004799,0.005645,0.002625
495, -0.033691,0.019043,1.014160, -0.610352,0.305176,0.976562, -10.352589,25.206303,-38.409603, 0.999964,0.004184,0.006623,0.003382
595, -0.032227,0.009277,1.020508, -0.488281,0.366211,0.854492, -11.852963,24.456114,-38.409603, 0.999956,0.003649,0.007552,0.004138
695, -0.030273,0.005859,1.014160, -0.488281,0.244141,0.915527, -10.352589,24.156038,-37.659416, 0.999948,0.003132,0.008373,0.004905
796, -0.041504,0.009277,1.007813, -0.793457,0.305176,0.976562, -11.552888,25.056265,-37.509377, 0.999939,0.002669,0.009101,0.005663
895, -0.030762,0.014648,1.002930, -0.549316,0.244141,0.793457, -11.852963,24.906227,-38.109528, 0.999929,0.002183,0.009797,0.006422
996, -0.031738,0.000000,1.006348, -0.610352,0.305176,0.976562, -12.153038,24.906227,-38.709679, 0.999917,0.001771,0.010513,0.007190
1096, -0.028809,0.007813,1.000000, -0.610352,0.366211,0.915527, -11.252813,24.306076,-37.509377, 0.999905,0.001402,0.011146,0.007961
1196, -0.031250,0.007324,0.997559, -0.610352,0.366211,0.793457, -9.602401,24.156038,-38.109528, 0.999893,0.000983,0.011728,0.008733
1296, -0.032227,0.016602,1.010742, -0.610352,0.305176,0.854492, -10.502625,24.306076,-37.509377, 0.999880,0.000699,0.012246,0.009474
1396, -0.031738,0.007813,1.005859, -0.610352,0.244141,0.793457, -12.453114,25.206303,-38.109528, 0.999866,0.000440,0.012760,0.010227
1496, -0.033691,0.003906,1.020996, -0.610352,0.244141,0.854492, -11.552888,24.756189,-38.559639, 0.999853,0.000221,0.013173,0.010998
1597, -0.030273,0.005371,1.029297, -0.610352,0.244141,0.732422, -10.202551,23.555889,-38.559639, 0.999838,-0.000056,0.013666,0.011743
1697, -0.039063,0.016602,1.023926, -0.549316,0.305176,0.915527, -11.852963,24.456114,-37.359341, 0.999823,-0.000311,0.014054,0.012521
1797, -0.028320,0.004395,0.995605, -0.610352,0.366211,0.854492, -10.502625,25.356339,-37.209301, 0.999807,-0.000518,0.014459,0.013283
1897, -0.026855,0.008301,1.009277, -0.610352,0.427246,0.732422, -12.153038,23.855965,-38.709679, 0.999791,-0.000759,0.014844,0.014037
1997, -0.032715,0.006348,0.990234, -0.488281,0.244141,0.854492, -11.552888,22.955740,-37.209301, 0.999776,-0.000902,0.015143,0.014772
2097, -0.031250,-0.000977,1.023438, -0.671387,0.305176,0.976562, -10.052513,24.156038,-37.359341, 0.999761,-0.001090,0.015389,0.015492
2197, -0.039063,0.008789,0.995117, -0.549316,0.305176,0.854492, -10.952738,25.056265,-37.209301, 0.999745,-0.001284,0.015690,0.016218
2297, -0.037598,0.007813,1.008789, -0.610352,0.183105,0.732422, -11.402851,24.906227,-37.359341, 0.999728,-0.001441,0.015950,0.016931
2397, -0.026367,0.015625,1.011719, -0.671387,0.366211,0.793457, -12.453114,23.855965,-37.359341, 0.999712,-0.001640,0.016185,0.017638
2498, -0.026855,0.014160,1.025391, -0.549316,0.244141,0.793457, -9.902475,24.006002,-38.259563, 0.999695,-0.001758,0.016424,0.018354
2598, -0.032715,0.008789,0.998047, -0.549316,0.305176,0.854492, -11.552888,23.255814,-36.909229, 0.999679,-0.001895,0.016608,0.019060
2698, -0.020020,0.001953,1.018555, -0.488281,0.244141,0.793457, -11.402851,24.456114,-37.059265, 0.999661,-0.001961,0.016778,0.019810
2798, -0.032715,0.007813,1.002441, -0.610352,0.427246,0.671387, -10.802701,23.855965,-37.359341, 0.999643,-0.002061,0.016972,0.020524
2898, -0.024902,0.003906,1.005859, -0.610352,0.366211,0.915527, -11.852963,24.456114,-38.409603, 0.999624,-0.002188,0.017162,0.021278
2998, -0.035156,0.017578,1.021484, -0.488281,0.244141,0.793457, -10.952738,24.006002,-36.909229, 0.999605,-0.002267,0.017319,0.021995
3098, -0.022461,0.011719,1.018555, -0.549316,0.305176,0.854492, -11.102776,24.456114,-36.009003, 0.999586,-0.002235,0.017482,0.022733
3199, -0.028320,0.012695,1.015625, -0.671387,0.305176,0.732422, -11.252813,23.555889,-37.509377, 0.999567,-0.002338,0.017631,0.023429
3299, -0.032715,0.003418,1.000977, -0.549316,0.305176,0.854492, -11.102776,24.906227,-37.359341, 0.999547,-0.002399,0.017798,0.024145
3399, -0.026367,0.006836,1.001953, -0.549316,0.366211,0.793457, -11.252813,24.006002,-36.909229, 0.999528,-0.002461,0.017851,0.024885
3499, -0.031738,0.000488,0.998535, -0.671387,0.366211,0.915527, -11.402851,24.906227,-37.359341, 0.999509,-0.002568,0.017876,0.025607
3599, -0.036133,0.007813,1.005371, -0.671387,0.305176,0.793457, -12.003001,22.505627,-38.259563, 0.999488,-0.002671,0.017981,0.026336
3699, -0.034180,0.005371,1.020996, -0.488281,0.305176,0.732422, -11.102776,23.405851,-37.059265, 0.999467,-0.002761,0.018089,0.027044
3799, -0.026855,0.001465,1.004883, -0.549316,0.305176,0.915527, -10.952738,24.306076,-36.909229, 0.999446,-0.002835,0.018177,0.027727
3899, -0.034668,0.010254,1.007813, -0.610352,0.305176,0.854492, -10.802701,23.105776,-37.059265, 0.999423,-0.002867,0.018274,0.028483
3999, -0.036133,0.008301,1.012695, -0.610352,0.305176,0.854492, -9.602401,24.156038,-38.109528, 0.999400,-0.002929,0.018370,0.029226
4099, -0.029297,0.010742,1.005859, -0.549316,0.183105,0.732422, -10.802701,23.855965,-37.659416, 0.999377,-0.002961,0.018431,0.029962
4200, -0.037598,0.003906,0.998535, -0.549316,0.427246,0.793457, -11.252813,24.756189,-36.459114, 0.999354,-0.002994,0.018474,0.030675
4300, -0.036621,0.008301,1.007324, -0.610352,0.244141,0.854492, -12.453114,25.656414,-38.109528, 0.999331,-0.003014,0.018486,0.031400
4400, -0.031250,0.009277,1.010254, -0.671387,0.244141,0.854492, -9.302325,23.405851,-37.659416, 0.999306,-0.003072,0.018544,0.032151
4500, -0.029785,0.005859,1.004395, -0.488281,0.305176,0.793457, -10.202551,24.756189,-37.209301, 0.999281,-0.003174,0.018594,0.032890
4600, -0.027832,0.008301,1.020996, -0.549316,0.305176,0.793457, -11.102776,23.405851,-38.409603, 0.999256,-0.003167,0.018657,0.033610
4700, -0.034180,0.009277,1.021973, -0.549316,0.183105,0.915527, -11.252813,25.356339,-38.259563, 0.999230,-0.003197,0.018652,0.034362
4801, -0.027344,0.003418,0.999512, -0.610352,0.366211,0.793457, -11.102776,23.105776,-37.359341, 0.999204,-0.003224,0.018655,0.035111
4901, -0.029297,0.002441,1.019043, -0.549316,0.427246,0.793457, -12.153038,24.456114,-38.709679, 0.999179,-0.003239,0.018671,0.035822
5001, -0.030273,0.002930,1.011719, -0.549316,0.305176,0.915527, -12.153038,25.206303,-36.009003, 0.999151,-0.003292,0.018684,0.036558
5101, -0.026367,0.012695,1.011719, -0.549316,0.366211,0.793457, -10.052513,24.906227,-37.059265, 0.999126,-0.003282,0.018606,0.037283
5201, -0.032227,0.011230,1.012695, -0.427246,0.305176,0.915527, -11.252813,24.006002,-37.209301, 0.999097,-0.003299,0.018669,0.038027
5301, -0.036133,0.010254,1.008789, -0.549316,0.305176,0.671387, -11.252813,25.356339,-37.509377, 0.999069,-0.003308,0.018685,0.038739
5401, -0.039063,0.004395,1.015137, -0.549316,0.366211,0.854492, -9.452363,24.756189,-38.259563, 0.999038,-0.003367,0.018717,0.039512
5502, -0.033691,0.011719,1.001465, -0.610352,0.427246,0.915527, -12.003001,24.306076,-37.509377, 0.999007,-0.003387,0.018743,0.040277
5601, -0.038574,0.008301,1.012207, -0.549316,0.183105,0.793457, -10.352589,25.656414,-37.059265, 0.998976,-0.003401,0.018803,0.040999
5702, -0.029297,0.004395,1.017578, -0.610352,0.305176,0.915527, -9.002251,24.156038,-37.359341, 0.998945,-0.003394,0.018869,0.041722
5802, -0.037109,0.013184,1.018066, -0.671387,0.305176,0.793457, -11.852963,24.906227,-37.059265, 0.998914,-0.003411,0.018900,0.042458
5902, -0.034180,0.005859,0.991699, -0.549316,0.244141,0.793457, -11.252813,24.756189,-37.209301, 0.998881,-0.003475,0.018948,0.043200
6002, -0.024414,0.015137,1.009277, -0.549316,0.305176,0.732422, -9.302325,24.456114,-37.359341, 0.998848,-0.003516,0.018942,0.043948
6102, -0.034668,0.004883,1.002930, -0.610352,0.183105,0.793457, -11.102776,24.906227,-37.059265, 0.998817,-0.003501,0.018879,0.044682
6202, -0.026855,0.014160,1.008301, -0.610352,0.244141,0.793457, -11.402851,24.156038,-37.059265, 0.998785,-0.003530,0.018904,0.045375
6302, -0.029297,0.011230,1.001465, -0.610352,0.244141,0.732422, -10.502625,24.756189,-37.959492, 0.998754,-0.003563,0.018807,0.046094
6403, -0.036133,0.005371,1.012207, -0.610352,0.305176,0.915527, -9.902475,24.306076,-37.509377, 0.998721,-0.003576,0.018798,0.046802
6503, -0.029785,-0.001953,1.015625, -0.610352,0.183105,0.793457, -10.802701,24.906227,-37.359341, 0.998686,-0.003579,0.018826,0.047525
6603, -0.028320,0.008301,1.007813, -0.549316,0.305176,0.793457, -11.252813,24.756189,-37.209301, 0.998652,-0.003659,0.018884,0.048209
6703, -0.030762,0.012695,0.995117, -0.610352,0.183105,0.915527, -10.802701,24.156038,-37.059265, 0.998617,-0.003705,0.018869,0.048934
6803, -0.030273,0.004883,0.990234, -0.549316,0.244141,0.854492, -11.102776,24.156038,-37.059265, 0.998581,-0.003689,0.018936,0.049638
6903, -0.022949,0.011230,1.014160, -0.610352,0.305176,0.793457, -10.202551,25.356339,-37.509377, 0.998546,-0.003761,0.018938,0.050333
7003, -0.033691,0.006348,1.015625, -0.610352,0.305176,0.549316, -10.952738,24.756189,-37.209301, 0.998512,-0.003843,0.018852,0.051028
7104, -0.024414,0.009766,1.020508, -0.610352,0.183105,0.732422, -10.052513,24.156038,-36.759190, 0.998474,-0.003838,0.018914,0.051741
7204, -0.031738,0.011719,1.017090, -0.549316,0.244141,0.671387, -11.552888,24.756189,-37.509377, 0.998437,-0.003826,0.018930,0.052450
7304, -0.033691,0.006836,1.025391, -0.549316,0.427246,0.549316, -9.902475,24.006002,-37.959492, 0.998402,-0.003852,0.019004,0.053071
7404, -0.030273,0.009766,1.011719, -0.549316,0.366211,0.732422, -10.952738,24.306076,-37.209301, 0.998372,-0.003803,0.019102,0.053603
7504, 0.005371,-0.050781,0.991699, -0.244141,1.586914,-2.990722, -10.952738,24.756189,-36.159039, 0.998362,-0.001960,0.019152,0.053881
7604, -0.019531,-0.366699,1.039551, -0.061035,-0.671387,-0.549316, -10.802701,25.206303,-36.759190, 0.998415,-0.001893,0.018950,0.052961
7704, -0.137207,-0.280762,0.973145, -0.488281,0.366211,1.647949, -10.952738,25.056265,-35.858967, 0.998245,-0.002960,0.018067,0.056322
7805, 0.007324,-0.022949,1.022949, -0.549316,0.427246,1.464844, -10.052513,25.956490,-36.309078, 0.998085,-0.002768,0.017488,0.059266
7904, 0.064941,0.140137,0.988281, -0.671387,1.525879,-4.333496, -8.702175,26.106527,-36.159039, 0.998224,-0.000669,0.017928,0.056800
8005, -0.083984,0.301270,1.002441, -0.244141,-0.061035,7.629394, -9.002251,27.306828,-37.359341, 0.998044,-0.005036,0.017213,0.059883
8105, -0.058594,0.081055,0.987305, -0.366211,2.014160,2.136230, -8.252063,26.256565,-37.059265, 0.997957,-0.002515,0.017429,0.061415
8205, -0.087891,-1.308594,0.960449, -0.061035,-1.159668,-2.319336, -8.552138,29.107277,-37.359341, 0.997549,-0.004475,0.018252,0.067403
8305, -0.016113,0.158203,0.995605, -0.854492,0.000000,-10.559081, -7.501875,29.557390,-37.659416, 0.997572,-0.009408,0.018004,0.066615
8405, -0.107422,0.405273,0.968262, 0.000000,0.427246,-1.831055, -7.351838,30.007502,-39.309826, 0.998540,-0.006771,0.018328,0.050358
8506, -0.043457,-0.036621,1.003906, -0.671387,-0.244141,4.699707, -8.102026,33.908478,-41.710426, 0.998296,-0.006119,0.018211,0.055095
8605, -0.016113,-0.159180,1.010742, -2.136230,-1.037598,4.455566, -7.351838,36.159039,-40.960239, 0.998118,-0.007352,0.017951,0.058173
8705, -0.073730,-0.072266,1.018066, -0.915527,-0.427246,10.070800, -8.702175,37.809452,-40.660164, 0.997627,-0.012613,0.017516,0.065380
8806, -0.143555,-0.095215,0.955078, -0.305176,1.525879,-0.305176, -11.402851,38.709679,-39.759941, 0.997591,-0.011595,0.016992,0.066247
8906, -0.070801,-0.332031,1.046387, 0.427246,-0.427246,2.990722, -15.153789,35.708927,-38.559639, 0.997564,-0.010998,0.016258,0.066939
9006, 0.008301,0.284668,0.962891, -0.732422,1.464844,-11.718749, -16.054014,32.708176,-38.709679, 0.997563,-0.010482,0.016817,0.066897
9106, -0.050293,-0.243652,1.012207, -0.488281,0.671387,1.281738, -15.153789,32.858215,-36.909229, 0.997588,-0.010340,0.016960,0.066518
9206, 0.052734,-0.169922,1.022949, -1.464844,-0.854492,4.760742, -16.804201,29.557390,-37.359341, 0.997480,-0.009234,0.018563,0.067857
9307, 0.021484,-0.252441,1.060059, -0.671387,1.220703,2.563476, -16.054014,27.756939,-38.409603, 0.997362,-0.008556,0.018291,0.069724
9407, -0.014160,0.332031,0.954590, -0.488281,-0.671387,3.234863, -15.303826,25.656414,-38.409603, 0.997259,-0.008476,0.018117,0.071237
9506, -0.026855,0.094238,1.021484, -0.061035,1.159668,-2.136230, -14.853714,25.056265,-39.309826, 0.997218,-0.008207,0.018018,0.071860
9607, -0.072266,-0.168457,1.039063, -0.061035,-0.671387,7.019042, -13.953488,23.405851,-39.459866, 0.997263,-0.006571,0.017904,0.071440
9707, -0.025391,0.137207,1.001953, 0.000000,1.281738,2.685547, -13.203300,24.156038,-39.759941, 0.997017,-0.005790,0.018143,0.074799
9807, -0.014160,0.092285,0.995605, -0.976562,1.220703,2.441406, -13.203300,25.206303,-37.359341, 0.996887,-0.007388,0.017961,0.076419
9907, -0.045410,-0.064453,1.007813, -0.427246,0.061035,1.464844, -12.303076,25.056265,-35.108776, 0.996686,-0.007537,0.017985,0.078974
10007, -0.080566,0.179199,1.001465, -0.915527,0.488281,-2.258301, -12.453114,23.855965,-36.759190, 0.996587,-0.007165,0.018100,0.080226
10108, -0.041016,-0.327148,1.033203, -0.671387,0.366211,-10.559081, -14.253564,24.156038,-37.359341, 0.996950,-0.006642,0.017775,0.075706
10207, -0.029297,0.013672,1.012207, -0.610352,0.244141,0.976562, -13.353338,24.006002,-37.209301, 0.996858,-0.009321,0.017535,0.076684
10308, -0.029297,0.004883,1.020508, -0.610352,0.183105,0.976562, -11.102776,23.105776,-38.109528, 0.996792,-0.008936,0.017490,0.077588
10408, -0.025391,0.011230,1.019043, -0.610352,0.183105,1.037598, -13.803451,21.905476,-36.909229, 0.996726,-0.008582,0.017462,0.078472
10508, -0.027832,0.010742,1.010742, -0.671387,0.244141,0.976562, -12.003001,23.255814,-37.509377, 0.996655,-0.008318,0.017472,0.079400
10608, -0.033203,0.009277,1.016602, -0.610352,0.366211,1.037598, -12.753188,24.756189,-38.259563, 0.996585,-0.008011,0.017549,0.080291
10708, -0.030762,0.003418,1.014160, -0.610352,0.183105,1.037598, -11.852963,23.105776,-37.659416, 0.996510,-0.007755,0.017597,0.081229
10808, -0.032715,0.002930,0.994629, -0.610352,0.244141,0.976562, -12.753188,23.255814,-38.859715, 0.996436,-0.007545,0.017642,0.082140
10908, -0.030762,0.008301,1.014648, -0.671387,0.244141,1.037598, -12.903226,22.805702,-37.659416, 0.996361,-0.007345,0.017722,0.083044
11008, -0.024902,0.009766,1.023438, -0.671387,0.305176,1.098633, -13.203300,23.855965,-38.409603, 0.996283,-0.007196,0.017779,0.083982
11108, -0.030273,0.011230,1.015137, -0.549316,0.427246,1.098633, -11.402851,23.105776,-38.109528, 0.996204,-0.007007,0.017764,0.084930
11209, -0.044434,0.012207,1.017090, -0.732422,0.366211,0.976562, -11.552888,23.255814,-38.259563, 0.996129,-0.006897,0.017735,0.085823
11309, -0.027344,0.009766,1.008301, -0.671387,0.183105,0.976562, -11.852963,22.805702,-38.409603, 0.996055,-0.006780,0.017721,0.086685
11409, -0.033203,0.008301,1.010742, -0.671387,0.244141,1.037598, -11.552888,23.255814,-38.559639, 0.995979,-0.006665,0.017679,0.087570
11509, -0.032715,0.008301,1.019043, -0.610352,0.183105,1.037598, -12.903226,23.405851,-38.109528, 0.995904,-0.006485,0.017720,0.088423
11609, -0.032715,0.006836,1.017578, -0.732422,0.244141,1.037598, -12.753188,22.955740,-37.509377, 0.995825,-0.006389,0.017663,0.089327
11709, -0.032227,0.006836,1.018066, -0.671387,0.305176,0.976562, -11.852963,23.105776,-38.409603, 0.995742,-0.006238,0.017715,0.090248
11810, -0.030273,0.006348,1.003906, -0.793457,0.244141,1.037598, -13.503376,22.805702,-37.659416, 0.995660,-0.006107,0.017748,0.091153
11910, -0.028320,0.006348,1.010254, -0.610352,0.183105,0.976562, -13.053264,23.555889,-39.309826, 0.995581,-0.005980,0.017773,0.092019
12010, 0.001465,0.032227,1.005371, -0.427246,0.427246,0.061035, -13.053264,24.306076,-37.509377, 0.995621,-0.007191,0.017527,0.091545
12110, -0.054688,-0.106445,1.007324, -0.488281,-0.122070,3.173828, -12.003001,23.255814,-36.459114, 0.995653,-0.007949,0.017792,0.091081
12210, 0.010254,0.037109,0.998535, -0.305176,0.305176,4.394531, -10.952738,24.306076,-36.159039, 0.995407,-0.003773,0.017735,0.094006
12310, -0.080078,0.195313,1.020020, -0.793457,1.037598,0.488281, -13.353338,23.555889,-35.558891, 0.995113,-0.002418,0.017613,0.097132
12410, -0.026367,0.140137,1.001465, -0.732422,-0.183105,0.366211, -13.053264,22.955740,-36.459114, 0.995063,-0.003284,0.017815,0.097579
12511, -0.040527,0.051758,1.015137, -0.671387,0.549316,-0.305176, -13.803451,22.955740,-38.559639, 0.995048,-0.002107,0.017730,0.097779
12611, -0.038574,0.226074,1.010742, -0.854492,0.549316,-2.563476, -11.252813,23.555889,-38.859715, 0.995149,-0.003647,0.018055,0.096640
12711, 0.029297,-0.153320,1.039063, -1.403808,-0.366211,2.014160, -13.803451,23.555889,-38.559639, 0.995154,-0.006689,0.018226,0.096390
12811, -0.022949,0.011719,0.982422, -0.488281,-0.305176,2.563476, -12.003001,23.555889,-39.309826, 0.994853,-0.006989,0.017676,0.099529
12911, -0.006348,-0.311035,0.918945, 0.366211,1.342773,1.159668, -13.203300,25.656414,-39.459866, 0.994911,-0.001108,0.018772,0.098984
13011, -0.107422,-0.216309,1.001953, 0.244141,0.427246,-6.347656, -14.853714,26.856714,-38.559639, 0.994935,-0.001831,0.019133,0.098667
13111, -0.190918,0.465820,0.995605, -0.122070,0.610352,5.187988, -13.353338,28.957239,-38.259563, 0.994642,0.004402,0.018999,0.101518
13211, 0.048828,0.006348,1.016602, -1.037598,-0.671387,0.854492, -16.054014,30.607653,-38.409603, 0.994535,0.003664,0.019856,0.102436
13311, -0.046387,-0.083496,1.002930, -0.976562,0.610352,2.319336, -14.703676,33.458366,-40.060017, 0.994450,0.001790,0.020042,0.103266
13411, -0.119141,0.341309,1.014160, -1.159668,0.671387,5.920410, -12.153038,35.258816,-41.860466, 0.994948,-0.001611,0.021006,0.098152
13512, -0.082520,-0.026855,0.985840, -1.220703,0.427246,-5.065917, -9.902475,36.759190,-43.360840, 0.995085,-0.000631,0.021797,0.096595
13612, -0.018555,0.213867,1.022949, -0.976562,0.061035,-2.319336, -8.252063,36.309078,-44.561142, 0.995331,-0.003267,0.020865,0.094186
13712, -0.022461,-0.231934,0.979004, -0.549316,0.610352,11.962890, -7.051763,32.558140,-40.960239, 0.994772,-0.006507,0.019974,0.099936
13812, 0.011719,-0.016602,1.028320, -0.732422,1.770019,9.826660, -6.301576,31.057764,-39.909977, 0.993231,-0.007694,0.019741,0.114211
13912, -0.039551,-0.041504,1.029785, -0.549316,0.366211,1.159668, -7.201800,28.507128,-39.159790, 0.993727,-0.007688,0.019782,0.109805
14012, -0.014160,-0.037109,1.006348, -0.610352,0.122070,-1.220703, -9.152288,28.207052,-39.309826, 0.993656,-0.007440,0.019566,0.110495
14112, -0.028809,0.029297,1.013672, -0.671387,0.122070,1.586914, -9.902475,27.906977,-37.209301, 0.993671,-0.006877,0.019316,0.110447
14213, -0.040527,0.008301,1.007324, -0.488281,0.244141,0.671387, -9.452363,26.856714,-37.509377, 0.993604,-0.006603,0.019254,0.111071
14313, -0.029785,0.006348,0.997559, -0.488281,0.305176,0.610352, -8.102026,26.106527,-36.159039, 0.993538,-0.006377,0.019269,0.111668
14413, -0.032227,0.008301,1.015137, -0.488281,0.305176,0.732422, -9.452363,27.156790,-38.259563, 0.993474,-0.006192,0.019248,0.112257
14513, -0.024902,0.015137,1.025391, -0.427246,0.183105,0.610352, -9.002251,25.956490,-36.759190, 0.993409,-0.006078,0.019183,0.112844
14613, -0.033691,0.010742,1.002930, -0.549316,0.244141,0.671387, -7.201800,28.807201,-38.109528, 0.993344,-0.005863,0.019101,0.113441
14713, -0.027344,0.013672,1.030273, -0.488281,0.183105,0.793457, -7.951988,26.706676,-37.359341, 0.993271,-0.005729,0.019105,0.114087
14813, -0.036133,0.008301,1.020996, -0.488281,0.244141,0.854492, -8.252063,27.006752,-37.359341, 0.993195,-0.005604,0.019058,0.114755
14914, -0.030273,0.013672,1.007813, -0.610352,0.305176,0.732422, -9.602401,25.656414,-39.459866, 0.993112,-0.005539,0.019086,0.115469
15014, -0.032227,0.012207,1.018066, -0.488281,0.244141,0.915527, -8.252063,25.656414,-39.459866, 0.993028,-0.005429,0.019074,0.116200
15114, -0.032227,0.008301,1.008789, -0.488281,0.305176,0.793457, -9.152288,27.606901,-39.309826, 0.992945,-0.005239,0.018988,0.116932
15214, -0.032715,0.012695,1.014648, -0.549316,0.183105,0.976562, -9.602401,26.256565,-38.109528, 0.992857,-0.005158,0.019014,0.117675
15314, -0.039551,0.006348,0.987305, -0.610352,0.244141,0.793457, -9.902475,26.406601,-39.609901, 0.992769,-0.005057,0.019020,0.118417
15414, -0.034180,0.003418,1.025391, -0.549316,0.183105,0.793457, -8.252063,26.706676,-38.709679, 0.992681,-0.004954,0.019034,0.119156
15515, -0.044434,0.005859,1.007813, -0.610352,0.244141,0.854492, -7.351838,27.156790,-39.909977, 0.992597,-0.004914,0.019006,0.119859
15614, -0.036133,0.008789,1.014648, -0.610352,0.366211,0.854492, -9.452363,26.406601,-38.259563, 0.992511,-0.004892,0.018992,0.120570
15715, -0.031250,0.007813,1.011230, -0.671387,0.122070,0.854492, -10.202551,26.406601,-40.360088, 0.992422,-0.004790,0.019021,0.121299
15815, -0.032715,0.002930,1.011719, -0.671387,0.366211,0.793457, -8.552138,25.956490,-38.109528, 0.992331,-0.004805,0.019063,0.122038
15915, -0.038574,0.011719,1.022949, -0.610352,0.305176,0.732422, -9.002251,24.906227,-38.709679, 0.992243,-0.004742,0.019073,0.122749
16015, -0.030273,0.006836,1.007813, -0.610352,0.305176,0.793457, -7.501875,26.706676,-38.109528, 0.992153,-0.004796,0.019060,0.123472
16115, -0.031250,0.005859,1.020508, -0.549316,0.305176,0.854492, -8.252063,26.256565,-38.409603, 0.992066,-0.004708,0.018984,0.124187
16215, -0.053711,-0.343750,0.998535, -0.366211,0.854492,-0.854492, -7.951988,27.306828,-38.709679, 0.991988,-0.006713,0.019520,0.124633
16316, -0.024414,-0.236816,1.011719, -0.793457,0.244141,9.765625, -9.302325,26.706676,-38.109528, 0.991965,-0.007815,0.018982,0.124837
16416, -0.022461,0.022949,1.021973, -0.915527,-1.037598,0.976562, -9.602401,25.656414,-37.659416, 0.991784,-0.008305,0.019160,0.126206
16516, -0.011719,0.408203,1.071777, -0.793457,0.122070,-0.854492, -10.052513,24.456114,-37.659416, 0.992009,-0.007541,0.018786,0.124534
16616, -0.112305,0.171875,1.004883, -0.793457,0.915527,-1.831055, -10.502625,25.356339,-35.858967, 0.992036,-0.006924,0.018767,0.124360
16716, -0.071289,0.174316,1.007813, -0.183105,0.976562,0.305176, -10.502625,24.306076,-35.858967, 0.991965,-0.008562,0.018654,0.124837
16816, -0.000977,0.033203,1.036133, -0.549316,0.549316,-1.892090, -12.003001,24.756189,-35.558891, 0.992060,-0.008127,0.018433,0.124143
16916, -0.029297,-0.056641,1.043457, -0.488281,0.183105,2.929687, -10.502625,23.255814,-34.058514, 0.992043,-0.011667,0.017886,0.124077
17017, -0.072754,-0.375977,0.972656, -0.793457,-0.549316,-0.610352, -9.602401,24.156038,-36.309078, 0.991744,-0.011755,0.017963,0.126426
17116, -0.032227,-0.080078,1.000000, -0.671387,0.488281,-0.244141, -12.153038,22.805702,-36.759190, 0.991699,-0.013751,0.018534,0.126494
17217, -0.063965,0.194824,1.005371, -0.610352,0.000000,-2.807617, -11.402851,21.605402,-37.059265, 0.991867,-0.014958,0.017205,0.125224
17317, -0.037598,-0.155273,1.041016, -0.610352,0.000000,4.089355, -11.852963,24.156038,-36.009003, 0.991844,-0.013045,0.017437,0.125587
17417, -0.032227,-0.127930,1.002930, 0.061035,-0.671387,0.549316, -12.153038,24.156038,-33.308327, 0.992077,-0.010540,0.017719,0.123925
17517, 0.020020,0.084473,0.988770, 0.244141,0.000000,-9.887695, -12.303076,22.955740,-33.158291, 0.992052,-0.009744,0.018023,0.124146
17617, -0.041504,0.218262,1.029297, -0.549316,0.610352,13.916015, -11.402851,23.105776,-32.258064, 0.992149,-0.007857,0.019456,0.123285
17717, 0.305664,-0.346191,1.035645, -0.488281,-0.427246,-1.098633, -12.303076,23.555889,-31.807953, 0.992638,-0.007212,0.018299,0.119510
17817, 0.077637,-1.149414,1.015137, -0.427246,-0.427246,3.540039, -10.502625,24.006002,-32.708176, 0.992660,-0.006151,0.017134,0.119563
17918, 0.103027,-0.287598,1.064453, -1.892090,0.671387,9.826660, -11.852963,22.355589,-34.658665, 0.991295,-0.013337,0.015655,0.130044
18018, -0.284180,0.071777,0.987305, 0.427246,-1.403808,2.929687, -12.003001,21.455364,-32.408104, 0.992051,-0.011939,0.013940,0.124491
18118, 0.048340,-0.082520,1.037598, -1.159668,-0.366211,3.845215, -12.453114,22.355589,-31.957989, 0.991959,-0.015219,0.014223,0.124832
18218, -0.079102,0.364258,1.028320, -0.671387,1.342773,9.155273, -14.253564,22.355589,-36.009003, 0.990912,-0.014033,0.015391,0.132891
18318, 0.094238,-0.156250,1.019043, -0.915527,-2.685547,0.854492, -14.253564,22.805702,-34.358589, 0.990828,-0.011666,0.016239,0.133642
18418, -0.044922,-0.115234,1.000977, -0.305176,-0.183105,-3.234863, -12.753188,24.006002,-33.758438, 0.990726,-0.010590,0.015773,0.134543
18518, -0.029297,0.106934,1.021973, -0.549316,-0.122070,-0.061035, -13.203300,24.156038,-33.908478, 0.990659,-0.008082,0.016447,0.135125
18619, -0.020508,0.008789,1.009277, -0.366211,0.305176,0.366211, -13.953488,24.156038,-33.608402, 0.990613,-0.007289,0.016453,0.135506
18718, -0.023926,0.002441,1.015137, -0.427246,0.305176,0.427246, -12.903226,23.855965,-34.358589, 0.990563,-0.007014,0.016483,0.135885
18819, -0.029297,0.006836,1.007324, -0.427246,0.244141,0.488281, -12.153038,23.405851,-32.858215, 0.990508,-0.006773,0.016491,0.136295
18919, -0.025391,0.010254,1.023926, -0.488281,0.183105,0.549316, -14.253564,24.456114,-32.258064, 0.990451,-0.006603,0.016506,0.136713
19019, -0.028809,-0.001465,1.020508, -0.488281,0.244141,0.549316, -14.253564,24.906227,-32.858215, 0.990394,-0.006509,0.016505,0.137133
19119, -0.029297,0.008301,1.014648, -0.488281,0.305176,0.488281, -14.253564,24.156038,-33.608402, 0.990335,-0.006416,0.016527,0.137555
19219, -0.031738,0.007324,1.008789, -0.488281,0.183105,0.427246, -14.853714,24.756189,-34.508629, 0.990274,-0.006317,0.016586,0.137997
19319, -0.030273,0.011230,1.000000, -0.427246,0.244141,0.366211, -13.803451,24.006002,-34.058514, 0.990205,-0.006174,0.016681,0.138486
19420, -0.027344,-0.005371,1.010254, -0.427246,0.244141,0.549316, -14.703676,24.156038,-33.908478, 0.990144,-0.006055,0.016657,0.138924
19520, -0.028809,0.003418,1.008789, -0.366211,0.244141,0.488281, -15.003751,23.405851,-34.358589, 0.990076,-0.006024,0.016713,0.139406
19620, -0.026367,-0.003906,1.003906, -0.427246,0.427246,0.549316, -14.103526,24.006002,-33.458366, 0.990008,-0.005900,0.016715,0.139891
19720, -0.029785,0.003418,1.010742, -0.427246,0.183105,0.549316, -12.453114,23.405851,-32.858215, 0.989939,-0.005799,0.016772,0.140374
19820, -0.025879,0.005371,1.012695, -0.488281,0.183105,0.549316, -13.953488,24.456114,-33.608402, 0.989877,-0.005777,0.016776,0.140817
19920, -0.032227,-0.001953,1.018066, -0.366211,0.366211,0.488281, -13.203300,23.105776,-32.858215, 0.989816,-0.005659,0.016690,0.141260
20020, -0.036133,0.009766,1.023438, -0.488281,0.244141,0.549316, -13.803451,24.006002,-33.158291, 0.989752,-0.005577,0.016730,0.141706
20121, -0.038574,0.005859,1.015137, -0.549316,0.427246,0.366211, -12.753188,25.356339,-32.408104, 0.989694,-0.005535,0.016719,0.142112
20221, -0.026855,0.010742,1.018555, -0.488281,0.488281,0.244141, -14.703676,25.206303,-32.558140, 0.989649,-0.005478,0.016783,0.142421
20321, -0.041504,-0.001953,0.993652, -0.427246,0.244141,0.183105, -14.103526,24.006002,-31.057764, 0.989619,-0.005465,0.016790,0.142628
20421, -0.028320,0.003418,1.000000, -0.305176,0.061035,0.244141, -14.703676,25.206303,-29.557390, 0.989581,-0.005412,0.016757,0.142895
20521, -0.025879,0.000000,1.007813, -0.549316,0.183105,0.244141, -13.353338,22.955740,-30.307577, 0.989543,-0.005403,0.016493,0.143189
20621, -0.022461,0.008789,1.002930, -0.427246,0.366211,0.305176, -13.353338,24.006002,-32.108028, 0.989497,-0.005414,0.016440,0.143510
20721, -0.025391,0.005859,1.000977, -0.488281,0.183105,0.183105, -13.803451,25.356339,-30.757690, 0.989463,-0.005309,0.016363,0.143760
20821, -0.030273,0.002930,1.003906, -0.488281,0.061035,0.305176, -13.953488,24.456114,-31.207802, 0.989431,-0.005232,0.016355,0.143985
20921, -0.024902,0.010742,1.011230, -0.366211,0.122070,0.244141, -14.103526,23.255814,-32.108028, 0.989393,-0.005192,0.016297,0.144251
21022, -0.028320,0.009766,1.017090, -0.366211,0.244141,0.244141, -13.503376,23.405851,-30.607653, 0.989355,-0.005117,0.016219,0.144526
21122, -0.025879,-0.000977,1.024902, -0.305176,0.244141,0.366211, -14.253564,24.456114,-31.207802, 0.989313,-0.005058,0.016176,0.144816
21222, -0.020020,0.000977,1.015137, -0.305176,0.000000,0.305176, -14.403601,24.756189,-31.357840, 0.989272,-0.004945,0.016066,0.145117
21322, -0.024902,0.001953,1.026855, -0.488281,0.244141,0.305176, -13.503376,23.855965,-31.957989, 0.989230,-0.004918,0.016050,0.145402
21422, -0.029785,-0.003906,1.019043, -0.427246,0.183105,0.305176, -13.203300,24.456114,-31.507877, 0.989184,-0.004945,0.016044,0.145717
21522, -0.025391,0.003906,0.998047, -0.427246,0.183105,0.427246, -14.703676,23.855965,-31.507877, 0.989136,-0.004935,0.016002,0.146044
21622, -0.033203,0.003906,0.986328, -0.488281,0.122070,0.244141, -15.003751,24.156038,-31.207802, 0.989090,-0.004871,0.015903,0.146372
21722, -0.032227,-0.000488,1.005859, -0.305176,0.244141,0.366211, -15.003751,23.105776,-32.858215, 0.989045,-0.004838,0.015910,0.146672
21823, -0.032715,0.015137,1.018066, -0.366211,0.244141,0.244141, -14.403601,23.555889,-31.357840, 0.989002,-0.004844,0.015919,0.146964
21923, -0.015137,-0.001953,1.000000, -0.366211,0.244141,0.305176, -14.703676,25.656414,-31.207802, 0.988958,-0.004799,0.015880,0.147262
22023, -0.036621,-0.001465,1.014648, -0.305176,0.122070,0.305176, -13.803451,25.056265,-32.108028, 0.988919,-0.004807,0.015787,0.147536
22123, -0.026855,0.008789,1.021484, -0.427246,0.183105,0.488281, -14.403601,24.306076,-31.057764, 0.988874,-0.004818,0.015787,0.147840
22223, -0.023926,0.007324,1.004395, -0.427246,0.122070,0.427246, -14.103526,24.006002,-30.757690, 0.988828,-0.004753,0.015761,0.148149
22323, -0.023438,0.005859,1.012207, -0.427246,0.244141,0.305176, -15.003751,23.855965,-31.207802, 0.988781,-0.004706,0.015702,0.148471
22423, -0.039063,0.006836,1.003906, -0.427246,0.183105,0.244141, -14.103526,24.306076,-32.408104, 0.988735,-0.004676,0.015731,0.148776
22523, -0.025879,0.010254,1.015137, -0.366211,0.183105,0.305176, -13.353338,23.255814,-31.807953, 0.988691,-0.004677,0.015794,0.149063
22624, -0.028320,0.005371,1.021484, -0.427246,0.305176,0.305176, -14.853714,23.555889,-32.408104, 0.988641,-0.004648,0.015869,0.149381
22724, -0.031738,0.011719,0.978516, -0.366211,0.244141,0.366211, -13.953488,24.906227,-30.907726, 0.988598,-0.004681,0.015790,0.149672
22824, -0.034180,0.010742,1.011719, -0.366211,0.244141,0.427246, -14.103526,24.006002,-32.108028, 0.988549,-0.004620,0.015869,0.149994
22924, -0.025879,0.006836,1.018555, -0.427246,0.183105,0.305176, -13.503376,25.206303,-31.207802, 0.988500,-0.004592,0.015897,0.150310
23024, -0.023438,0.006836,0.999512, -0.427246,0.061035,0.305176, -13.203300,25.206303,-30.157539, 0.988458,-0.004647,0.015811,0.150594
23124, -0.029297,0.008789,1.001465, -0.427246,0.122070,0.427246, -15.003751,24.456114,-31.507877, 0.988414,-0.004642,0.015812,0.150884
23225, -0.030273,0.003418,1.007813, -0.305176,0.244141,0.305176, -14.253564,24.456114,-31.957989, 0.988366,-0.004670,0.015802,0.151199
23325, -0.027832,0.012207,0.999512, -0.549316,0.122070,0.305176, -14.703676,25.206303,-33.308327, 0.988320,-0.004616,0.015804,0.151503
23425, -0.029297,0.000977,1.007324, -0.305176,0.244141,0.305176, -13.503376,25.206303,-31.507877, 0.988270,-0.004603,0.015748,0.151834
23525, -0.024414,0.000977,1.009277, -0.366211,0.244141,0.427246, -14.703676,23.105776,-30.157539, 0.988221,-0.004571,0.015728,0.152155
23625, -0.025879,0.004395,1.013672, -0.488281,0.183105,0.305176, -14.703676,24.456114,-31.507877, 0.988171,-0.004556,0.015628,0.152490
23725, -0.025391,0.000488,1.010254, -0.427246,0.244141,0.244141, -14.103526,24.006002,-32.708176, 0.988126,-0.004493,0.015606,0.152787
23825, -0.032227,0.004883,1.009277, -0.244141,0.244141,0.366211, -14.703676,23.855965,-31.507877, 0.988077,-0.004528,0.015545,0.153110
23925, -0.030273,-0.001465,1.009277, -0.366211,0.183105,0.305176, -14.853714,25.806452,-32.108028, 0.988028,-0.004533,0.015529,0.153423
24025, -0.019531,0.011230,1.012207, -0.366211,0.244141,0.366211, -14.403601,24.756189,-31.357840, 0.987979,-0.004480,0.015570,0.153734
24125, -0.030273,0.001465,1.009277, -0.488281,0.183105,0.366211, -13.353338,24.756189,-31.357840, 0.987925,-0.004546,0.015586,0.154083
24225, -0.030273,0.002441,0.999512, -0.427246,0.244141,0.366211, -13.053264,23.555889,-32.108028, 0.987872,-0.004539,0.015562,0.154424
24326, -0.028320,0.002441,1.001953, -0.427246,0.122070,0.427246, -13.953488,23.405851,-31.507877, 0.987820,-0.004666,0.015571,0.154748
24426, -0.026367,0.009766,1.016602, -0.488281,0.244141,0.244141, -14.253564,25.656414,-31.207802, 0.987771,-0.004684,0.015549,0.155066
24526, -0.031250,0.004395,1.012207, -0.427246,0.183105,0.366211, -13.953488,23.855965,-31.957989, 0.987720,-0.004642,0.015525,0.155393
24626, -0.026855,0.008301,1.017578, -0.427246,0.305176,0.366211, -13.803451,24.006002,-31.807953, 0.987673,-0.004642,0.015629,0.155683
24726, -0.028809,-0.001953,1.011719, -0.305176,0.244141,0.305176, -13.353338,24.006002,-31.357840, 0.987617,-0.004670,0.015581,0.156040
24826, -0.023926,0.006348,1.015137, -0.366211,0.122070,0.305176, -13.953488,25.656414,-31.507877, 0.987564,-0.004661,0.015658,0.156369
24926, -0.027832,0.005859,1.011719, -0.427246,0.244141,0.366211, -13.953488,25.956490,-32.258064, 0.987511,-0.004645,0.015578,0.156708
25027, -0.029785,0.006836,0.998047, -0.366211,0.244141,0.427246, -15.903976,25.356339,-32.108028, 0.987461,-0.004676,0.015561,0.157023
25127, -0.028809,0.002441,1.004883, -0.488281,0.183105,0.427246, -13.803451,25.806452,-30.757690, 0.987410,-0.004684,0.015574,0.157341
25227, -0.023438,0.006348,0.996094, -0.488281,0.183105,0.427246, -14.853714,24.306076,-31.357840, 0.987359,-0.004684,0.015637,0.157655
25327, -0.038086,0.007324,1.011230, -0.366211,0.183105,0.366211, -13.953488,23.855965,-31.507877, 0.987304,-0.004703,0.015642,0.157999
25427, -0.023438,0.009766,0.999023, -0.366211,0.244141,0.488281, -13.803451,24.006002,-31.807953, 0.987246,-0.004732,0.015650,0.158364
25527, -0.041504,0.005859,1.006348, -0.366211,0.183105,0.305176, -14.403601,25.356339,-31.357840, 0.987187,-0.004688,0.015724,0.158719
25628, -0.024902,0.006836,1.008301, -0.549316,0.183105,0.427246, -13.953488,23.855965,-30.607653, 0.987133,-0.004742,0.015686,0.159061
25728, -0.024902,-0.001953,1.011230, -0.427246,0.183105,0.305176, -14.103526,25.056265,-32.408104, 0.987085,-0.004654,0.015634,0.159364
25828, -0.032715,0.004883,0.994629, -0.488281,0.122070,0.427246, -13.353338,24.006002,-32.108028, 0.987027,-0.004656,0.015554,0.159733
25928, -0.024902,0.009766,1.015625, -0.366211,0.244141,0.305176, -13.203300,24.156038,-30.607653, 0.986971,-0.004628,0.015604,0.160073
26028, -0.028320,0.011230,1.024414, -0.366211,0.244141,0.366211, -13.203300,25.656414,-32.258064, 0.986913,-0.004656,0.015641,0.160428
26128, -0.024414,0.004883,1.011719, -0.366211,0.122070,0.366211, -13.503376,25.656414,-32.258064, 0.986859,-0.004668,0.015611,0.160763
26228, -0.024414,0.003418,1.001953, -0.488281,0.183105,0.427246, -13.503376,24.456114,-32.558140, 0.986850,-0.004375,0.015520,0.160832
26328, -0.023926,-0.008789,1.012695, -0.427246,0.244141,0.366211, -15.903976,24.756189,-31.357840, 0.986851,-0.004051,0.015412,0.160844
26429, -0.024414,0.010254,1.008301, -0.427246,0.183105,0.305176, -14.253564,24.456114,-31.957989, 0.986855,-0.003711,0.015283,0.160844
26529, -0.026855,0.008301,1.017090, -0.427246,0.122070,0.366211, -14.253564,25.956490,-31.957989, 0.986855,-0.003427,0.015148,0.160859
26629, -0.028809,0.009277,1.024414, -0.427246,0.183105,0.305176, -14.703676,24.456114,-32.558140, 0.986856,-0.003190,0.015029,0.160870
26729, -0.029297,0.000000,1.010254, -0.488281,0.183105,0.427246, -13.953488,25.206303,-31.957989, 0.986857,-0.002954,0.014908,0.160878
26829, -0.024902,-0.000488,1.006348, -0.427246,0.244141,0.366211, -14.403601,24.756189,-31.357840, 0.986857,-0.002766,0.014817,0.160895
26929, -0.030762,0.001953,1.006348, -0.488281,0.183105,0.366211, -15.753939,24.906227,-30.907726, 0.986856,-0.002564,0.014712,0.160908
27029, -0.026367,0.004395,1.005859, -0.427246,0.183105,0.427246, -14.403601,24.006002,-30.757690, 0.986859,-0.002355,0.014625,0.160906
27129, -0.025879,-0.000488,1.012695, -0.366211,0.183105,0.488281, -14.103526,24.006002,-32.708176, 0.986858,-0.002166,0.014553,0.160919
27230, -0.030762,0.007324,1.017090, -0.488281,0.244141,0.305176, -13.953488,24.156038,-31.507877, 0.986858,-0.001981,0.014487,0.160924
27330, -0.023926,0.004883,0.994629, -0.366211,0.244141,0.366211, -13.503376,24.456114,-31.957989, 0.986859,-0.001835,0.014502,0.160921
27430, -0.020020,0.005371,1.019043, -0.366211,0.244141,0.366211, -13.353338,24.306076,-31.357840, 0.986857,-0.001675,0.014498,0.160937
27530, -0.034180,-0.000977,1.020508, -0.427246,0.183105,0.488281, -13.803451,24.306076,-32.408104, 0.986852,-0.001519,0.014417,0.160975
27630, -0.027832,0.013672,1.006348, -0.427246,0.183105,0.366211, -13.503376,24.156038,-30.157539, 0.986853,-0.001401,0.014372,0.160972
27730, -0.033691,0.001465,1.017578, -0.488281,0.183105,0.366211, -15.003751,25.656414,-33.308327, 0.986853,-0.001223,0.014362,0.160978
27831, -0.016113,0.009277,1.011719, -0.366211,0.122070,0.427246, -14.103526,25.356339,-31.357840, 0.986853,-0.001104,0.014360,0.160979
27931, -0.027344,0.007813,1.018555, -0.427246,0.244141,0.305176, -13.953488,24.906227,-32.558140, 0.986851,-0.001001,0.014318,0.160993
28031, -0.032227,0.004883,1.001953, -0.488281,0.183105,0.488281, -14.703676,24.456114,-31.207802, 0.986856,-0.000879,0.014277,0.160969
28131, -0.025879,0.019043,1.015625, -0.488281,0.183105,0.244141, -15.003751,25.656414,-32.558140, 0.986853,-0.000838,0.014189,0.160997
28231, -0.028809,-0.001465,1.001953, -0.366211,0.122070,0.305176, -15.003751,23.405851,-31.207802, 0.986856,-0.000810,0.014152,0.160979
28331, -0.039551,0.008789,0.994629, -0.427246,0.122070,0.427246, -14.103526,26.406601,-31.807953, 0.986854,-0.000787,0.014134,0.160993
28431, -0.030273,0.006348,1.004883, -0.427246,0.183105,0.427246, -12.753188,24.006002,-31.357840, 0.986852,-0.000679,0.014134,0.161005
28531, -0.023438,0.003418,1.014160, -0.366211,0.122070,0.427246, -13.053264,24.756189,-31.357840, 0.986854,-0.000556,0.014050,0.161001
28632, -0.019531,0.005859,1.014648, -0.366211,0.244141,0.305176, -13.803451,24.306076,-31.057764, 0.986858,-0.000539,0.014044,0.160976
28732, -0.027832,-0.003418,1.019043, -0.366211,0.305176,0.366211, -12.753188,23.555889,-31.057764, 0.986858,-0.000516,0.014033,0.160981
28832, -0.024414,0.012207,1.021973, -0.366211,0.366211,0.305176, -13.803451,24.306076,-32.708176, 0.986856,-0.000423,0.013999,0.160993
28932, -0.028320,0.009277,1.004883, -0.427246,0.183105,0.427246, -14.253564,25.656414,-31.957989, 0.986855,-0.000393,0.014010,0.160997
29032, -0.030762,0.003418,0.998535, -0.366211,0.183105,0.427246, -13.953488,27.006752,-31.507877, 0.986858,-0.000365,0.013909,0.160989
29132, -0.031738,-0.004395,0.997559, -0.427246,0.244141,0.427246, -13.203300,24.906227,-31.207802, 0.986851,-0.000363,0.013912,0.161034
29232, -0.033203,0.004883,0.996094, -0.427246,0.244141,0.427246, -13.803451,25.056265,-31.057764, 0.986850,-0.000319,0.013876,0.161041
29332, -0.029785,0.000000,1.008301, -0.366211,0.122070,0.488281, -14.853714,25.056265,-31.357840, 0.986843,-0.000333,0.013943,0.161076
29432, -0.023438,0.008301,1.020508, -0.427246,0.122070,0.366211, -15.153789,25.056265,-31.057764, 0.986845,-0.000297,0.013912,0.161072
29533, -0.033203,0.005859,1.022949, -0.305176,0.183105,0.244141, -14.853714,25.056265,-31.057764, 0.986848,-0.000281,0.013887,0.161054
29633, -0.027832,0.008789,1.021973, -0.427246,0.183105,0.427246, -14.703676,26.256565,-30.907726, 0.986846,-0.000217,0.013928,0.161065
29733, -0.031250,0.002930,1.017578, -0.488281,0.183105,0.366211, -14.403601,25.806452,-31.357840, 0.986839,-0.000151,0.013938,0.161103
29833, -0.031738,0.001953,1.020020, -0.366211,0.244141,0.366211, -13.803451,25.056265,-31.807953, 0.986838,-0.000207,0.013945,0.161107
29933, -0.024414,0.000488,1.005371, -0.366211,0.305176,0.427246, -14.253564,24.906227,-30.907726, 0.986837,-0.000201,0.013978,0.161113
30033, -0.030762,0.005859,1.015137, -0.488281,0.122070,0.366211, -14.103526,24.306076,-30.757690, 0.986835,-0.000265,0.013932,0.161128
30133, -0.026855,0.004883,0.997559, -0.427246,0.183105,0.366211, -14.853714,25.056265,-31.357840, 0.986835,-0.000252,0.013857,0.161138
30234, -0.026855,0.007813,1.008301, -0.366211,0.183105,0.488281, -13.353338,25.356339,-32.108028, 0.986836,-0.000226,0.013841,0.161133
30334, -0.025391,0.003418,1.011230, -0.366211,0.244141,0.366211, -14.253564,24.456114,-30.607653, 0.986829,-0.000197,0.013888,0.161171
30434, -0.032227,0.004883,1.003906, -0.427246,0.183105,0.427246, -14.103526,24.756189,-31.807953, 0.986833,-0.000165,0.013900,0.161146
30534, -0.026855,0.006348,1.002930, -0.427246,0.244141,0.366211, -15.003751,25.656414,-31.207802, 0.986828,-0.000124,0.013873,0.161178
30634, -0.023926,0.007813,1.011719, -0.427246,0.122070,0.427246, -13.053264,25.056265,-31.357840, 0.986827,-0.000081,0.013871,0.161184
30734, -0.018555,0.011719,1.023438, -0.488281,0.183105,0.427246, -16.204052,25.806452,-31.357840, 0.986825,-0.000053,0.013824,0.161202
30834, -0.031738,0.006348,1.011230, -0.488281,0.183105,0.427246, -14.853714,25.356339,-32.108028, 0.986818,-0.000110,0.013806,0.161244
30934, -0.025879,0.010254,1.020020, -0.366211,0.244141,0.366211, -12.453114,25.206303,-31.207802, 0.986815,-0.000059,0.013840,0.161260
31034, -0.022461,0.002930,1.003906, -0.366211,0.183105,0.427246, -13.203300,24.156038,-32.258064, 0.986813,-0.000132,0.013822,0.161273
31134, -0.023438,0.004883,1.001953, -0.366211,0.305176,0.427246, -13.503376,24.456114,-31.507877, 0.986819,-0.000153,0.013751,0.161244
31235, -0.028320,0.005371,0.989258, -0.427246,0.305176,0.427246, -14.103526,24.006002,-32.108028, 0.986816,-0.000119,0.013747,0.161260
31335, -0.031250,0.004395,1.005371, -0.427246,0.183105,0.427246, -13.953488,24.456114,-31.957989, 0.986817,0.000002,0.013788,0.161254
31435, -0.026855,0.011719,1.014160, -0.488281,0.122070,0.427246, -14.703676,24.456114,-30.907726, 0.986811,-0.000041,0.013813,0.161288
31535, -0.017578,-0.001465,0.991699, -0.366211,0.183105,0.305176, -15.453863,25.056265,-32.108028, 0.986809,-0.000076,0.013821,0.161300
31635, -0.028809,0.012695,1.008301, -0.366211,0.244141,0.427246, -15.453863,24.306076,-31.357840, 0.986806,-0.000068,0.013728,0.161324
31735, -0.022461,0.004395,0.999023, -0.427246,0.183105,0.427246, -13.203300,25.206303,-32.258064, 0.986803,-0.000094,0.013733,0.161340
31836, -0.024902,0.008789,1.001953, -0.366211,0.244141,0.488281, -13.803451,25.356339,-31.807953, 0.986805,-0.000099,0.013788,0.161327
31936, -0.027344,0.006348,1.011719, -0.488281,0.183105,0.427246, -14.853714,24.306076,-31.357840, 0.986803,-0.000086,0.013762,0.161341
32036, -0.025391,0.003418,1.015625, -0.305176,0.183105,0.305176, -14.103526,24.006002,-30.757690, 0.986802,-0.000099,0.013778,0.161346
32136, -0.028809,-0.005371,0.999023, -0.488281,0.305176,0.305176, -14.253564,23.105776,-30.607653, 0.986798,-0.000121,0.013698,0.161378
32236, -0.032227,0.007324,1.022949, -0.305176,0.244141,0.427246, -14.853714,25.056265,-32.408104, 0.986795,-0.000072,0.013714,0.161394
32336, -0.025879,0.010742,1.003906, -0.488281,0.244141,0.366211, -14.403601,24.006002,-31.057764, 0.986788,-0.000059,0.013813,0.161426
32437, -0.033691,0.005859,1.013672, -0.305176,0.244141,0.305176, -13.053264,24.306076,-31.357840, 0.986786,-0.000033,0.013810,0.161439
32537, -0.017578,0.010742,1.000000, -0.488281,0.244141,0.305176, -14.403601,25.356339,-32.108028, 0.986788,-0.000037,0.013799,0.161428
32637, -0.020020,0.008301,1.001465, -0.427246,0.122070,0.366211, -14.103526,25.356339,-31.057764, 0.986786,0.000003,0.013709,0.161450
32737, -0.020020,0.012207,0.998535, -0.366211,0.244141,0.427246, -15.153789,25.806452,-31.357840, 0.986783,0.000032,0.013764,0.161464
32837, -0.030762,0.011230,1.001953, -0.549316,0.122070,0.366211, -13.503376,23.105776,-32.258064, 0.986781,0.000037,0.013692,0.161480
32937, -0.026855,0.007324,1.011230, -0.427246,0.122070,0.427246, -13.203300,24.906227,-31.957989, 0.986778,0.000057,0.013711,0.161494
33037, -0.028809,0.008301,1.010742, -0.488281,0.183105,0.366211, -14.853714,25.356339,-32.108028, 0.986775,0.000048,0.013746,0.161512
33137, -0.035156,0.006836,1.018066, -0.366211,0.122070,0.427246, -15.303826,23.405851,-32.258064, 0.986771,0.000120,0.013781,0.161534
33237, -0.029297,0.006836,1.018066, -0.366211,0.244141,0.366211, -15.453863,24.006002,-31.807953, 0.986771,0.000193,0.013775,0.161535
33337, -0.028320,0.003906,0.998047, -0.366211,0.244141,0.305176, -13.803451,24.756189,-31.807953, 0.986767,0.000283,0.013744,0.161560
